feature,importance,importance_mean,importance_std,rank_builtin,rank_permutation,group
Calories_rolling_mean_7,0.5111351454119025,0.3072761079795544,0.024708506093509792,1.0,1.0,Rolling
Calories,0.1239694281955582,0.043520619880190334,0.011960590716117974,2.0,2.0,Base
LightlyActiveMinutes_lag_1,0.010269547174290598,0.00729831202349841,0.004260491068280267,7.0,3.0,Lag
Calories_lag_1,0.015216316519477182,0.00687151941766726,0.007063294505262125,5.0,4.0,Lag
Calories_lag_7,0.010318021054981065,0.0037537089154471848,0.003538679145454854,6.0,5.0,Lag
SedentaryMinutes,0.006356100042359018,0.0032594151785054317,0.002799897689734777,12.0,6.0,Base
Calories_rolling_std_3,0.003747963222765886,0.0030317490480989084,0.0016444075571191454,28.0,7.0,Rolling
FairlyActiveMinutes_lag_7,0.0037081930323485425,0.0019466585589909657,0.0012245447399155897,29.0,8.0,Lag
LightActiveDistance,0.0040772370115154406,0.0018845805225567668,0.0018140781749125538,26.0,9.0,Base
ModeratelyActiveDistance,0.00276595404101143,0.0016749779427262302,0.0011130171753182111,46.0,10.0,Base
VeryActiveMinutes_rolling_std_3,0.002914227929754208,0.0012979906622158199,0.0018657847580966053,44.0,11.0,Rolling
LightlyActiveMinutes,0.003601340366790836,0.0012840626311247938,0.0015488082588034345,30.0,12.0,Base
FairlyActiveMinutes_lag_3,0.0032216400653529154,0.0011926912129804346,0.0006469642381384728,38.0,13.0,Lag
TotalDistance_lag_7,0.002803661896280292,0.0010434650912796272,0.0008738126356754835,45.0,14.0,Lag
TotalDistance_rolling_mean_7,0.0026611621478291356,0.0008794981755211317,0.00044134009432333015,48.0,15.0,Rolling
TotalDistance_lag_3,0.00340476665587887,0.0008735404212587671,0.0009988914910918861,35.0,16.0,Lag
TotalDistance_rolling_std_7,0.004954636221391487,0.0007535088815454838,0.0011938011889042117,21.0,17.0,Rolling
TotalSteps_lag_3,0.002924650333035404,0.0006105786702484739,0.000721508082567938,42.0,18.0,Lag
VeryActiveMinutes_lag_3,0.002274181955744546,0.00032779864976161254,0.0007190737422561793,53.0,19.0,Lag
LightlyActiveMinutes_rolling_std_7,0.007041040923533166,0.0003225517410725187,0.0009651753671081648,10.0,20.0,Rolling
VeryActiveMinutes_lag_1,0.002988624078855975,0.000285610716129403,0.0013968895954992548,40.0,21.0,Lag
TotalSteps_rolling_std_3,0.0024227951738522934,0.00024468762567620984,0.0007780261498034029,50.0,22.0,Rolling
LightlyActiveMinutes_rolling_mean_3,0.0034576929948038214,0.00023042063944036517,0.0010122471370414016,33.0,23.0,Rolling
SedentaryActiveDistance,0.00024498487673602727,0.0002276959078942098,9.077943686395082e-05,65.0,24.0,Base
TotalDistance,0.0015700725216339694,0.00012144685852534254,0.0007438669732992668,61.0,25.0,Base
TrackerDistance,0.0011204977316120561,2.4277135837091902e-05,0.0003494911587221747,63.0,26.0,Base
LoggedActivitiesDistance,0.00027075351521600293,-1.1461272866120088e-05,1.1076069700971325e-05,64.0,27.0,Base
VeryActiveMinutes_rolling_mean_3,0.003560144951891635,-4.712684033884029e-05,0.000578064822323716,31.0,28.0,Rolling
SedentaryMinutes_rolling_mean_3,0.003420867237587151,-7.800319908098929e-05,0.0012076440406593488,34.0,29.0,Rolling
TotalSteps,0.0013463945571242197,-0.0001261795387947906,0.0005356971822667717,62.0,30.0,Base
FairlyActiveMinutes,0.0030083583392065787,-0.000127809283662339,0.0006376623336684358,39.0,31.0,Base
LightlyActiveMinutes_rolling_std_3,0.002914826952224629,-0.0001486097819006882,0.0005967898808745875,43.0,32.0,Rolling
TotalSteps_rolling_std_7,0.0049902516143420835,-0.00016229226564929978,0.0004428731647257765,20.0,33.0,Rolling
SedentaryMinutes_lag_3,0.0043307425950033385,-0.00024917748738092496,0.0014512410589406378,23.0,34.0,Lag
VeryActiveMinutes_rolling_std_7,0.0058364173946053215,-0.0002743219538863362,0.002697105125857098,16.0,35.0,Rolling
TotalSteps_rolling_mean_3,0.002032653463828446,-0.0002941387991651112,0.0005236550560400274,57.0,36.0,Rolling
LightlyActiveMinutes_lag_3,0.005205953559635552,-0.00038990329826195104,0.002314833102454191,19.0,37.0,Lag
TotalDistance_rolling_mean_3,0.0024372964111527766,-0.0004268938799260713,0.00045208561994415696,49.0,38.0,Rolling
TotalDistance_lag_1,0.0022516210841033845,-0.000460578596635175,0.0005478835241090754,54.0,39.0,Lag
FairlyActiveMinutes_lag_2,0.0026936060984208243,-0.0005628215786435353,0.0010248253441614962,47.0,40.0,Lag
TotalDistance_lag_2,0.0021902688779485103,-0.0006373549074039419,0.000524936528198488,55.0,41.0,Lag
TotalDistance_rolling_std_3,0.005434328481883075,-0.0006539835376891734,0.0012978982009270311,18.0,42.0,Rolling
SedentaryMinutes_rolling_std_3,0.005871843434006225,-0.0008407562612511632,0.0017937499917853145,15.0,43.0,Rolling
Calories_lag_3,0.008856836573372209,-0.0008508338904617885,0.002177226783869789,9.0,44.0,Lag
VeryActiveMinutes_lag_7,0.003286920750999665,-0.0008899160075609869,0.0020244738801804317,36.0,45.0,Lag
VeryActiveMinutes_lag_2,0.003252560849172558,-0.0009302634219051309,0.0009281124647476013,37.0,46.0,Lag
TotalSteps_lag_2,0.0020557354538988113,-0.0009572691775510345,0.0004151004945980168,56.0,47.0,Lag
LightlyActiveMinutes_lag_2,0.003898010100205228,-0.0010183410145611193,0.001356291770250744,27.0,48.0,Lag
TotalSteps_rolling_mean_7,0.001649177739413487,-0.0011234015505813045,0.0004490732266328101,60.0,49.0,Rolling
FairlyActiveMinutes_lag_1,0.0023019234164020665,-0.0011273663277287737,0.0007104890457160119,52.0,50.0,Lag
VeryActiveDistance,0.0017471041448109145,-0.0011815003975642947,0.0010606387605455213,59.0,51.0,Base
SedentaryMinutes_lag_2,0.003503752110700411,-0.0012265478206130776,0.0010550427503028437,32.0,52.0,Lag
SedentaryMinutes_lag_1,0.0058158888867675534,-0.0012851681350766531,0.0012211918242015628,17.0,53.0,Lag
TotalSteps_lag_1,0.00201816197328748,-0.0014642975342459064,0.0009990526093461578,58.0,54.0,Lag
LightlyActiveMinutes_rolling_mean_7,0.006029727626241743,-0.00154823674890866,0.0017398110586932657,14.0,55.0,Rolling
VeryActiveMinutes_rolling_mean_7,0.0023997587731841717,-0.0015581256765208828,0.0015046202765864678,51.0,56.0,Rolling
Calories_rolling_std_7,0.006858667731149253,-0.0016225496580997035,0.0013428367701269796,11.0,57.0,Rolling
LightlyActiveMinutes_lag_7,0.0062078873185966825,-0.002013144223432073,0.0019922591110982,13.0,58.0,Lag
SedentaryMinutes_rolling_mean_7,0.004592117043457225,-0.0022221362188008407,0.0010566976029722818,22.0,59.0,Rolling
SedentaryMinutes_lag_7,0.004080869501976937,-0.002293647393484566,0.001127132852653275,25.0,60.0,Lag
TotalSteps_lag_7,0.002936393908736502,-0.002394269476117994,0.000993679098859708,41.0,61.0,Lag
Calories_rolling_mean_3,0.09207526991203094,-0.0029041360077503796,0.0029183464715152128,3.0,62.0,Rolling
VeryActiveMinutes,0.00422863093664787,-0.004771248100064085,0.0019176732237701478,24.0,63.0,Base
SedentaryMinutes_rolling_std_7,0.009367054061541112,-0.0052653541953877284,0.001738004782332391,8.0,64.0,Rolling
Calories_lag_2,0.025871341039932386,-0.02243006686064498,0.006760380757337038,4.0,65.0,Lag
